[
  {
    "images": "https://arc-anglerfish-washpost-prod-washpost.s3.amazonaws.com/public/2KL6JYQYH4I6REYMIWBYVUGXPI.jpg"
  },
  {
    "images": "https://arc-anglerfish-washpost-prod-washpost.s3.amazonaws.com/public/2KL6JYQYH4I6REYMIWBYVUGXPI.jpg"
  },
  {
    "images": "https://arc-anglerfish-washpost-prod-washpost.s3.amazonaws.com/public/2KL6JYQYH4I6REYMIWBYVUGXPI.jpg"
  },
  {
    "images": "https://arc-anglerfish-washpost-prod-washpost.s3.amazonaws.com/public/2KL6JYQYH4I6REYMIWBYVUGXPI.jpg"
  },
  {
    "images": "https://arc-anglerfish-washpost-prod-washpost.s3.amazonaws.com/public/2KL6JYQYH4I6REYMIWBYVUGXPI.jpg"
  },
  {
    "images": "https://arc-anglerfish-washpost-prod-washpost.s3.amazonaws.com/public/2KL6JYQYH4I6REYMIWBYVUGXPI.jpg"
  },
  {
    "images": "https://arc-anglerfish-washpost-prod-washpost.s3.amazonaws.com/public/2KL6JYQYH4I6REYMIWBYVUGXPI.jpg"
  }
]