[
  {
    "menuCategoryName": "Pandapicks",
    "menuList": [
      {
        "label": "Cheese Panini & Tea",
        "favourite": "Chicken Cheese Panini 01 & Mix Tea 01",
        "time": "25 min",
        "restaurantName": "Rewayat",
		"rating": "4.2",
		"TotalRate": "(1000+)",
		"restaurantType": "$",
		"restaurantCategory": "Pakistani",
		"price": "Rs. 75.00",
        "image": "https://arc-anglerfish-washpost-prod-washpost.s3.amazonaws.com/public/2KL6JYQYH4I6REYMIWBYVUGXPI.jpg"
      },
      {
        "label": "Cheese Panini & Tea",
        "favourite": "Chicken Cheese Panini 01 & Mix Tea 01",
        "time": "25 min",
        "restaurantName": "Rewayat",
		"rating": "4.2",
		"TotalRate": "(1000+)",
		"restaurantType": "$$",
		"restaurantCategory": "Pakistani",
		"price": "Rs. 75.00",
        "image": "https://arc-anglerfish-washpost-prod-washpost.s3.amazonaws.com/public/2KL6JYQYH4I6REYMIWBYVUGXPI.jpg"
      }
    ]
  },
  {
    "menuCategoryName": "Hello World",
    "menuList": [
      {
        "label": "Cheese Panini & Tea",
        "favourite": "Chicken Cheese Panini 01 & Mix Tea 01",
        "time": "25 min",
        "restaurantName": "Rewayat",
		"rating": "4.2",
		"TotalRate": "(1000+)",
		"restaurantType": "$$$",
		"restaurantCategory": "Pakistani",
		"price": "Rs. 75.00",
        "image": "https://arc-anglerfish-washpost-prod-washpost.s3.amazonaws.com/public/2KL6JYQYH4I6REYMIWBYVUGXPI.jpg"
      },
      {
        "label": "Cheese Panini & Tea",
        "favourite": "Chicken Cheese Panini 01 & Mix Tea 01",
        "time": "25 min",
        "restaurantName": "Rewayat",
		"rating": "4.2",
		"TotalRate": "(1000+)",
		"restaurantType": "$$$",
		"restaurantCategory": "Pakistani",
		"price": "Rs. 75.00",
        "image": "https://arc-anglerfish-washpost-prod-washpost.s3.amazonaws.com/public/2KL6JYQYH4I6REYMIWBYVUGXPI.jpg"
      }
    ]
  },
  {
    "menuCategoryName": "Hey World",
    "menuList": [
      {
        "label": "Cheese Panini & Tea",
        "favourite": "Chicken Cheese Panini 01 & Mix Tea 01",
        "time": "25 min",
        "restaurantName": "Rewayat",
        "rating": "4.2",
        "TotalRate": "(1000+)",
        "restaurantType": "$$$",
        "restaurantCategory": "Pakistani",
        "price": "Rs. 75.00",
        "image": "https://arc-anglerfish-washpost-prod-washpost.s3.amazonaws.com/public/2KL6JYQYH4I6REYMIWBYVUGXPI.jpg"
      },
      {
        "label": "Cheese Panini & Tea",
        "favourite": "Chicken Cheese Panini 01 & Mix Tea 01",
        "time": "25 min",
        "restaurantName": "Rewayat",
        "rating": "4.2",
        "TotalRate": "(1000+)",
        "restaurantType": "$$$",
        "restaurantCategory": "Pakistani",
        "price": "Rs. 75.00",
        "image": "https://arc-anglerfish-washpost-prod-washpost.s3.amazonaws.com/public/2KL6JYQYH4I6REYMIWBYVUGXPI.jpg"
      }
    ]
  }
]